,Country,happiness_score,gdp_per_capita,family,health,freedom,generosity,government_trust,dystopia_residual,continent,Year_x,social_support,cpi_score,Year_y,Status,Life expectancy ,Adult Mortality,infant deaths,Alcohol,percentage expenditure,Hepatitis B,Measles , BMI ,under-five deaths ,Polio,Total expenditure,Diphtheria , HIV/AIDS,GDP,Population, thinness  1-19 years, thinness 5-9 years,Income composition of resources,Schooling
0,Afghanistan,3.79399991,0.401477218,0.581543326,0.180746779,0.10617952,0.311870933,0.06115783,2.150801182,Asia,2015.0,0.0,11.0,2015,Developing,65.0,263.0,62,0.01,71.27962362,65.0,1154,19.1,83,6.0,8.16,65.0,0.1,584.25921,33736494.0,17.2,17.3,0.479,10.1
1,Albania,4.644000053,0.996192753,0.803685248,0.731159747,0.381498635,0.201312944,0.039864216,1.490441561,Europe,2015.0,0.0,36.0,2015,Developing,77.8,74.0,0,4.6,364.9752287,99.0,0,58.0,0,99.0,6.0,99.0,0.1,3954.22783,28873.0,1.2,1.3,0.762,14.2
2,Algeria,5.872000217,1.091864467,1.146217465,0.617584646,0.233335808,0.069436647,0.14609611,2.567603827,Africa,2015.0,0.0,36.0,2015,Developing,75.6,19.0,21,,0.0,95.0,63,59.5,24,95.0,,95.0,0.1,4132.76292,39871528.0,6.0,5.8,0.743,14.4
3,Angola,,,,,,,,,,,,,2015,Developing,52.4,335.0,66,,0.0,64.0,118,23.3,98,7.0,,64.0,1.9,3695.793748,2785935.0,8.3,8.2,0.531,11.4
4,Antigua and Barbuda,,,,,,,,,,,,,2015,Developing,76.4,13.0,0,,0.0,99.0,0,47.7,0,86.0,,99.0,0.2,13566.9541,,3.3,3.3,0.784,13.9
5,Argentina,6.598999977,1.185295463,1.440451145,0.695137084,0.494519204,0.109457061,0.059739888,2.614005327,South America,2015.0,0.0,32.0,2015,Developing,76.3,116.0,8,,0.0,94.0,0,62.8,9,93.0,,94.0,0.1,13467.1236,43417765.0,1.0,0.9,0.826,17.3
6,Armenia,4.375999928,0.900596738,1.007483721,0.637524426,0.198303267,0.083488092,0.026674422,1.521499157,Asia,2015.0,0.0,35.0,2015,Developing,74.8,118.0,1,,0.0,94.0,33,54.9,1,96.0,,94.0,0.1,369.654776,291695.0,2.1,2.2,0.741,12.7
7,Australia,7.28399992,1.484414935,1.510041952,0.843886793,0.601607382,0.47769925,0.30118373,2.065210819,Australia,2015.0,0.0,79.0,2015,Developed,82.8,59.0,1,,0.0,93.0,74,66.6,1,93.0,,93.0,0.1,56554.3876,23789338.0,0.6,0.6,0.937,20.4
8,Austria,7.006000042,1.487097263,1.459944963,0.815328419,0.56776619,0.316472322,0.221060365,2.138506413,Europe,2015.0,0.0,76.0,2015,Developed,81.5,65.0,0,,0.0,93.0,309,57.6,0,93.0,,93.0,0.1,43665.947,8633169.0,1.9,2.1,0.892,15.9
9,Azerbaijan,5.234000206,1.153601766,1.152400255,0.540775776,0.398155838,0.04526934,0.180987507,1.762481689,Asia,2015.0,0.0,29.0,2015,Developing,72.7,118.0,5,,0.0,96.0,0,52.5,6,98.0,,96.0,0.1,55.31382,9649341.0,2.8,2.9,0.758,12.7
10,Bahamas,,,,,,,,,,,,,2015,Developing,76.1,147.0,0,,0.0,95.0,0,64.5,0,95.0,,95.0,0.1,,,2.5,2.5,0.79,12.6
11,Bahrain,6.086999893,1.488412261,1.323110461,0.653133035,0.536746919,0.172668487,0.25704217,1.656149387,Asia,2015.0,0.0,51.0,2015,Developing,76.9,69.0,0,,0.0,98.0,0,63.6,0,98.0,,98.0,0.1,22688.87824,,6.2,6.1,0.823,14.5
12,Bangladesh,4.607999802,0.586682975,0.735131741,0.533241034,0.478356659,0.172255352,0.123717859,1.978736162,Asia,2015.0,0.0,25.0,2015,Developing,71.8,129.0,92,,0.0,97.0,240,18.3,113,97.0,,97.0,0.1,121.15812,1612886.0,17.9,18.3,0.575,10.2
13,Barbados,,,,,,,,,,,,,2015,Developing,75.5,98.0,0,,0.0,97.0,0,54.5,0,97.0,,97.0,0.1,15557.8381,,3.8,3.7,0.794,15.3
14,Belarus,5.568999767,1.15655756,1.444945216,0.637714267,0.295400262,0.155137509,0.156313822,1.723232985,Europe,2015.0,0.0,32.0,2015,Developing,72.3,196.0,0,,0.0,99.0,2,62.3,0,99.0,,99.0,0.1,5949.11677,9489616.0,1.9,2.0,0.798,15.6
15,Belgium,6.890999794,1.463780761,1.462312698,0.818091869,0.539770722,0.231503338,0.251343131,2.124210358,Europe,2015.0,0.0,77.0,2015,Developed,81.1,74.0,0,,0.0,98.0,47,63.7,1,99.0,,99.0,0.1,4356.875,11274196.0,1.0,1.0,0.895,16.6
16,Belize,,,,,,,,,,,,,2015,Developing,71.0,175.0,0,,0.0,94.0,0,5.9,0,94.0,,94.0,0.2,4849.997495,359288.0,3.5,3.4,0.706,12.8
17,Benin,3.657000065,0.431085408,0.435299844,0.209930211,0.425962776,0.207948461,0.060929015,1.885630965,Africa,2015.0,0.0,37.0,2015,Developing,60.0,249.0,25,,0.0,82.0,55,25.7,39,78.0,,82.0,1.0,783.94791,1575952.0,6.9,6.8,0.481,10.7
18,Bhutan,,,,,,,,,,,,,2015,Developing,69.8,211.0,0,,0.0,99.0,11,24.5,0,98.0,,99.0,0.5,2613.645177,787386.0,15.4,16.0,0.604,12.5
19,Bolivia (Plurinational State of),,,,,,,,,,,,,2015,Developing,77.0,186.0,8,,0.0,99.0,0,52.6,10,99.0,,99.0,0.1,,,1.2,1.1,0.671,13.8
20,Bosnia and Herzegovina,5.18200016,0.982409418,1.069335938,0.705186307,0.204403177,0.328867495,0.0,1.892172575,Europe,2015.0,0.0,38.0,2015,Developing,77.4,88.0,0,,0.0,82.0,1677,55.8,0,74.0,,82.0,0.1,4574.9787,3535961.0,2.3,2.3,0.747,14.2
21,Botswana,3.766000032,1.122094154,1.221554995,0.341755509,0.505196333,0.099348448,0.098583199,0.377913713,Africa,2015.0,0.0,63.0,2015,Developing,65.7,256.0,2,,0.0,95.0,0,37.9,2,96.0,,95.0,2.2,6532.651,229197.0,6.4,6.1,0.698,12.6
22,Brazil,6.635000229,1.10735321,1.431306005,0.616552353,0.437453747,0.162349895,0.111092761,2.769267082,South America,2015.0,0.0,38.0,2015,Developing,75.0,142.0,42,,0.0,96.0,214,56.1,47,98.0,,96.0,0.1,8757.2622,2596218.0,2.7,2.6,0.754,15.2
23,Brunei Darussalam,,,,,,,,,,,,,2015,Developing,77.7,78.0,0,,0.0,99.0,4,41.2,0,99.0,,99.0,0.1,3967.8951,,5.7,5.1,0.864,14.9
24,Bulgaria,4.714000225,1.161459088,1.434379458,0.70821768,0.289231718,0.113177694,0.011051531,0.996139288,Europe,2015.0,0.0,41.0,2015,Developed,74.5,137.0,0,,0.0,92.0,0,65.7,1,91.0,,91.0,0.1,6993.47736,7177991.0,1.9,1.8,0.792,15.0
25,Burkina Faso,4.032000065,0.350227714,1.043280005,0.215844259,0.324367851,0.250864685,0.120328106,1.727212906,Africa,2015.0,0.0,38.0,2015,Developing,59.9,26.0,38,,0.0,91.0,99,19.4,61,91.0,,91.0,0.6,615.592225,1811624.0,8.0,7.5,0.399,7.7
26,Burundi,2.904999971,0.091622569,0.629793584,0.151610792,0.059900753,0.204435185,0.084147945,1.683024168,Africa,2015.0,0.0,21.0,2015,Developing,59.6,288.0,21,,0.0,94.0,9,18.7,31,94.0,,94.0,0.7,33.681223,119927.0,7.3,7.2,0.406,10.6
27,Côte d'Ivoire,,,,,,,,,,,,,2015,Developing,53.3,397.0,57,,0.0,83.0,65,28.0,79,81.0,,83.0,1.9,,,5.5,5.5,,
28,Cabo Verde,,,,,,,,,,,,,2015,Developing,73.3,114.0,0,,0.0,96.0,0,31.3,0,93.0,,93.0,0.2,2954.119467,532913.0,6.6,6.6,0.646,13.5
29,Cambodia,4.168000221,0.601765096,1.006238341,0.429783404,0.633375823,0.385922968,0.068105951,1.042941093,Asia,2015.0,0.0,21.0,2015,Developing,68.7,174.0,10,,0.0,89.0,0,19.6,12,87.0,,89.0,0.2,1163.18977,15517635.0,1.9,1.9,0.558,10.9
30,Cameroon,4.695000172,0.564305365,0.946018219,0.132892117,0.430388749,0.236298457,0.051306631,2.333645582,Africa,2015.0,0.0,27.0,2015,Developing,57.3,357.0,45,,0.0,84.0,1809,29.0,68,83.0,,84.0,3.5,1244.429421,22834522.0,5.6,5.5,0.514,10.4
31,Canada,7.315999985,1.479204416,1.481348991,0.834557652,0.611100912,0.435539722,0.287371516,2.187264442,North America,2015.0,0.0,83.0,2015,Developing,82.2,64.0,2,,0.0,55.0,195,67.0,2,91.0,,91.0,0.1,43315.744,3584861.0,0.6,0.5,0.919,16.3
32,Central African Republic,,,,,,,,,,,,,2015,Developing,52.5,397.0,15,,0.0,47.0,150,22.7,21,47.0,,47.0,4.4,348.381417,45461.0,8.2,8.2,0.347,7.1
33,Chad,3.936000109,0.438012987,0.953855872,0.041134715,0.162342027,0.21611385,0.053581882,2.071238041,Africa,2015.0,0.0,22.0,2015,Developing,53.1,356.0,46,,0.0,46.0,418,19.1,77,52.0,,46.0,2.8,777.248751,149413.0,8.5,8.4,0.394,7.3
34,Chile,6.65199995,1.25278461,1.284024954,0.819479704,0.376895279,0.326662421,0.082287982,2.509585857,South America,2015.0,0.0,70.0,2015,Developing,85.0,82.0,2,,0.0,97.0,9,63.8,2,96.0,,96.0,0.1,13653.2264,17762681.0,0.8,0.8,0.845,16.3
35,China,5.272999763,1.081165791,1.160837412,0.741415501,0.472787708,0.028806841,0.022794275,1.764938593,Asia,2015.0,0.0,37.0,2015,Developing,76.1,85.0,157,,0.0,99.0,42361,32.9,183,99.0,,99.0,0.1,869.211938,137122.0,3.6,2.9,0.734,13.5
36,Colombia,6.356999874,1.070622325,1.402182937,0.595027924,0.477487415,0.149014473,0.046668742,2.616068125,South America,2015.0,0.0,37.0,2015,Developing,74.8,143.0,10,,0.0,91.0,1,57.9,12,91.0,,91.0,0.1,644.525556,48228697.0,2.1,1.9,0.724,13.6
37,Comoros,,,,,,,,,,,,,2015,Developing,63.5,227.0,1,,0.0,91.0,0,24.2,2,92.0,,91.0,0.8,727.6463868,777424.0,6.7,6.5,0.498,11.1
38,Congo,,,,,,,,,,,,,2015,Developing,64.7,267.0,7,,0.0,8.0,1359,27.4,10,8.0,,8.0,2.8,,,7.5,7.1,0.59,11.1
39,Costa Rica,7.078999996,1.109706283,1.416403651,0.759509265,0.58013165,0.214613229,0.100106589,2.898639202,South America,2015.0,0.0,55.0,2015,Developing,79.6,95.0,1,,0.0,92.0,0,6.5,1,92.0,,92.0,0.1,1146.36273,487852.0,1.7,1.7,0.775,14.2
40,Croatia,5.293000221,1.222556233,0.967983007,0.701288521,0.255772293,0.248002976,0.04310311,1.854492426,Europe,2015.0,0.0,51.0,2015,Developed,78.0,95.0,0,,0.0,94.0,206,63.7,0,94.0,,94.0,0.1,11579.6674,42364.0,1.5,1.4,0.823,15.3
41,Cuba,,,,,,,,,,,,,2015,Developing,79.1,92.0,1,,0.0,99.0,0,61.4,1,99.0,,99.0,0.1,762.261218,,3.5,3.3,0.773,13.9
42,Cyprus,5.620999813,1.355938077,1.131363273,0.844714701,0.355111539,0.271254301,0.041237976,1.621249199,Asia,2015.0,0.0,61.0,2015,Developed,85.0,52.0,0,,0.0,97.0,0,6.3,0,97.0,,97.0,0.1,2375.1127,116985.0,1.0,1.0,0.854,14.3
43,Czechia,,,,,,,,,,,,,2015,Developed,78.8,86.0,0,,0.0,97.0,9,66.1,0,97.0,,97.0,0.1,,,1.8,1.8,,
44,Democratic People's Republic of Korea,,,,,,,,,,,,,2015,Developing,76.0,139.0,6,,0.0,96.0,0,32.9,7,99.0,,96.0,0.1,,,4.9,4.9,,
45,Democratic Republic of the Congo,,,,,,,,,,,,,2015,Developing,59.8,258.0,236,,0.0,81.0,5020,21.6,308,78.0,,81.0,1.1,,,9.5,9.3,,
46,Denmark,7.521999836,1.482383013,1.551121593,0.792565525,0.626006722,0.355280489,0.400770068,2.313707352,Europe,2015.0,0.0,91.0,2015,Developed,86.0,71.0,0,,0.0,,9,58.8,0,93.0,,93.0,0.1,5314.64416,5683483.0,1.1,0.9,0.923,19.2
47,Djibouti,,,,,,,,,,,,,2015,Developing,63.5,241.0,1,,0.0,84.0,47,35.0,1,84.0,,84.0,2.1,1862.167274,927414.0,5.6,5.4,0.47,6.3
48,Dominican Republic,5.230000019,1.079373837,1.402416706,0.574873745,0.552589834,0.18696785,0.113945253,1.31946516,South America,2015.0,0.0,33.0,2015,Developing,73.9,152.0,6,,0.0,81.0,0,58.9,7,87.0,,85.0,0.3,6468.471648,1528394.0,3.3,3.2,0.718,13.2
49,Ecuador,6.007999897,1.000820398,1.286168814,0.685636222,0.455198199,0.150112465,0.140134647,2.290352583,South America,2015.0,0.0,32.0,2015,Developing,76.2,118.0,6,,0.0,78.0,0,54.2,7,84.0,,78.0,0.1,625.62224,16144368.0,1.2,1.1,0.739,14.0
50,Egypt,4.735000134,0.989701807,0.997471392,0.520187259,0.282110155,0.128631443,0.114381365,1.702161074,Africa,2015.0,0.0,36.0,2015,Developing,79.0,159.0,51,,0.0,93.0,5432,61.1,60,93.0,,93.0,0.1,,,2.8,2.8,0.688,13.1
51,El Salvador,6.002999783,0.909784496,1.182125092,0.596018553,0.43245253,0.078257985,0.08998096,2.714593887,South America,2015.0,0.0,39.0,2015,Developing,73.5,178.0,2,,0.0,91.0,0,56.1,2,92.0,,91.0,0.2,4127.11775,6312478.0,1.6,1.5,0.678,13.2
52,Equatorial Guinea,,,,,,,,,,,,,2015,Developing,58.2,32.0,3,,0.0,16.0,1250,24.5,4,17.0,,16.0,4.2,1347.31257,1175389.0,8.4,8.3,0.582,9.2
53,Eritrea,,,,,,,,,,,,,2015,Developing,64.7,255.0,5,,0.0,95.0,198,18.6,7,95.0,,95.0,0.4,,,8.4,8.2,0.418,5.0
54,Estonia,5.611000061,1.32087934,1.4766711,0.695168316,0.47913143,0.098890811,0.183248922,1.357508659,Europe,2015.0,0.0,70.0,2015,Developing,77.6,119.0,0,,0.0,91.0,4,59.9,0,93.0,,93.0,0.1,1774.9291,131547.0,1.9,1.9,0.863,16.5
55,Ethiopia,4.460000038,0.339233845,0.864669204,0.353409708,0.408842742,0.31265074,0.165455714,2.015743732,Africa,2015.0,0.0,33.0,2015,Developing,64.8,225.0,136,,0.0,77.0,17745,17.6,194,75.0,,77.0,0.6,645.4637627,9987333.0,1.4,1.2,0.441,8.4
56,Fiji,,,,,,,,,,,,,2015,Developing,69.9,188.0,0,,0.0,99.0,0,62.7,0,99.0,,99.0,0.1,4921.89629,892149.0,4.0,3.7,0.734,15.3
57,Finland,7.468999863,1.443571925,1.540246725,0.80915767,0.617950857,0.245482773,0.382611543,2.430181503,Europe,2015.0,0.0,90.0,2015,Developing,81.1,76.0,0,,0.0,,2,62.1,0,97.0,,97.0,0.1,4245.39744,5479531.0,0.9,0.8,0.893,17.0
58,France,6.441999912,1.430923462,1.387776852,0.844465852,0.470222116,0.129762307,0.172502428,2.005954742,Europe,2015.0,0.0,70.0,2015,Developing,82.4,78.0,2,,0.0,86.0,157,62.5,3,98.0,,98.0,0.1,36526.7711,6662468.0,0.7,0.6,0.894,16.3
59,Gabon,4.465000153,1.198210239,1.155620217,0.356578588,0.312328577,0.043785378,0.076046787,1.322916269,Africa,2015.0,0.0,34.0,2015,Developing,66.0,229.0,2,,0.0,8.0,27,36.3,3,79.0,,8.0,2.7,7388.984144,193175.0,6.1,5.9,0.694,12.6
60,Gambia,,,,,,,,,,,,,2015,Developing,61.1,262.0,3,,0.0,97.0,71,27.3,5,96.0,,97.0,1.7,,,7.3,7.2,0.45,8.9
61,Georgia,4.285999775,0.950612664,0.570614934,0.649546981,0.309410036,0.054008815,0.251666635,1.500137806,Asia,2015.0,0.0,52.0,2015,Developing,74.4,129.0,1,,0.0,94.0,431,56.2,1,91.0,,94.0,0.1,3764.64912,37171.0,2.7,2.8,0.768,13.9
62,Germany,6.951000214,1.487923384,1.472520351,0.798950732,0.562511384,0.33626917,0.276731938,2.015769958,Europe,2015.0,0.0,81.0,2015,Developed,81.0,68.0,2,,0.0,88.0,2464,62.3,3,94.0,,95.0,0.1,41176.88158,81686611.0,1.1,1.1,0.924,17.1
63,Ghana,4.119999886,0.667224824,0.873664737,0.295637727,0.423026294,0.256923944,0.02533637,1.577867508,Africa,2015.0,0.0,47.0,2015,Developing,62.4,249.0,37,,0.0,88.0,23,28.6,52,88.0,,88.0,0.7,1361.11395,27582821.0,6.2,6.1,0.575,11.4
64,Greece,5.227000237,1.289487481,1.239414573,0.810198903,0.095731251,0.0,0.043289777,1.749221563,Europe,2015.0,0.0,46.0,2015,Developing,81.0,72.0,0,,0.0,96.0,1,66.5,0,99.0,,99.0,0.1,187.78991,182883.0,0.8,0.7,0.865,17.2
65,Grenada,,,,,,,,,,,,,2015,Developing,73.6,142.0,0,,0.0,92.0,0,48.4,0,99.0,,92.0,0.1,9212.192824,,3.8,3.8,0.751,15.8
66,Guatemala,6.453999996,0.872001946,1.255585194,0.54023999,0.531310618,0.283488393,0.077223279,2.893891096,South America,2015.0,0.0,28.0,2015,Developing,71.9,186.0,10,,0.0,74.0,0,5.6,12,9.0,,74.0,0.4,3923.573344,16252429.0,1.2,1.2,0.637,10.7
67,Guinea,3.506999969,0.24454993,0.791244686,0.194129139,0.348587513,0.264815092,0.110937618,1.552311897,South America,2015.0,0.0,25.0,2015,Developing,59.0,284.0,26,,0.0,54.0,243,23.3,40,42.0,,54.0,0.5,554.48766,1291533.0,7.3,7.3,0.414,8.8
68,Guinea-Bissau,,,,,,,,,,,,,2015,Developing,58.9,275.0,4,,0.0,87.0,153,26.3,6,87.0,,87.0,3.2,596.8717189,177526.0,7.1,7.0,0.421,9.2
69,Guyana,,,,,,,,,,,,,2015,Developing,66.2,215.0,0,,0.0,95.0,0,46.7,1,92.0,,95.0,0.3,4136.689919,768514.0,5.5,5.3,0.638,10.3
70,Haiti,3.602999926,0.368610263,0.640449822,0.27732113,0.030369857,0.489203781,0.09987215,1.697167635,South America,2015.0,0.0,17.0,2015,Developing,63.5,24.0,14,,0.0,6.0,0,49.9,18,56.0,,6.0,0.5,814.5463952,171161.0,3.9,3.9,0.49,9.1
71,Honduras,5.181000233,0.730573118,1.143944979,0.58256948,0.34807986,0.236188874,0.073345453,2.065811157,South America,2015.0,0.0,31.0,2015,Developing,74.6,147.0,3,,0.0,97.0,0,51.0,4,97.0,,97.0,0.3,2326.15856,896829.0,2.1,2.1,0.623,11.2
72,Hungary,5.323999882,1.286011934,1.343133092,0.687763453,0.175863519,0.078401662,0.036636937,1.716459274,Europe,2015.0,0.0,51.0,2015,Developed,75.8,134.0,0,,0.0,,0,64.8,0,99.0,,99.0,0.1,12365.6263,984328.0,1.6,1.6,0.834,15.6
73,Iceland,7.504000187,1.48063302,1.610574007,0.833552122,0.627162635,0.475540221,0.153526559,2.322715282,Europe,2015.0,0.0,79.0,2015,Developed,82.7,49.0,0,,0.0,,0,61.0,0,92.0,,92.0,0.1,5734.4436,33815.0,1.0,0.9,0.919,19.0
74,India,4.315000057,0.792221248,0.754372597,0.455427617,0.469987005,0.231538489,0.092226885,1.519117117,Asia,2015.0,0.0,38.0,2015,Developing,68.3,181.0,910,,0.0,87.0,90387,18.7,1100,86.0,,87.0,0.2,1613.18878,1395398.0,26.7,27.3,0.615,11.6
75,Indonesia,5.262000084,0.995538592,1.274444699,0.492345721,0.443323463,0.611704588,0.015317135,1.429476976,Asia,2015.0,0.0,36.0,2015,Developing,69.1,176.0,114,,0.0,78.0,15099,27.4,136,8.0,,78.0,0.3,3336.16686,258162113.0,1.4,1.2,0.686,12.9
76,Iran (Islamic Republic of),,,,,,,,,,,,,2015,Developing,75.5,83.0,18,,0.0,98.0,615,59.7,21,98.0,,98.0,0.1,,,8.5,8.6,0.774,14.8
77,Iraq,4.497000217,1.102710485,0.978613198,0.50118047,0.288555533,0.199637264,0.107215755,1.318907261,Asia,2015.0,0.0,16.0,2015,Developing,68.9,182.0,32,,0.0,56.0,1433,59.1,38,63.0,,58.0,0.1,4974.2693,36115649.0,5.3,5.1,0.649,10.1
78,Ireland,6.977000237,1.535706639,1.558231115,0.809782624,0.573110342,0.427858323,0.298388153,1.773869038,Europe,2015.0,0.0,75.0,2015,Developed,81.4,64.0,0,,0.0,95.0,4,62.8,0,95.0,,95.0,0.1,6664.144,4676835.0,0.3,0.2,0.92,18.6
79,Israel,7.212999821,1.375382423,1.376289964,0.838404,0.405988604,0.330082655,0.0852421,2.801757336,Asia,2015.0,0.0,61.0,2015,Developing,82.5,58.0,0,,0.0,96.0,80,64.9,1,95.0,,95.0,0.1,35729.37253,8381.0,1.2,1.1,0.898,16.0
80,Italy,5.964000225,1.395066619,1.444923282,0.853144348,0.256450713,0.172789648,0.028028091,1.813312054,Europe,2015.0,0.0,44.0,2015,Developed,82.7,56.0,1,,0.0,93.0,159,63.6,2,93.0,,93.0,0.1,349.14755,673582.0,0.6,0.6,0.881,16.3
81,Jamaica,5.31099987,0.925579309,1.368218064,0.641022384,0.474307239,0.233818337,0.055267781,1.612325668,South America,2015.0,0.0,41.0,2015,Developing,76.2,125.0,1,,0.0,91.0,0,54.2,1,91.0,,91.0,0.5,4965.989857,2871934.0,1.8,1.7,0.729,12.8
82,Japan,5.920000076,1.416915178,1.436337829,0.913475871,0.505625546,0.120572768,0.163760737,1.363223553,Asia,2015.0,0.0,75.0,2015,Developed,83.7,55.0,2,,0.0,,35,29.0,3,99.0,,96.0,0.1,34474.13736,127141.0,2.1,1.8,0.902,15.3
83,Jordan,5.335999966,0.991012394,1.239088893,0.604590058,0.418421149,0.17217046,0.119803272,1.791176558,Asia,2015.0,0.0,53.0,2015,Developing,74.1,112.0,4,,0.0,99.0,0,65.6,4,99.0,,99.0,0.1,496.99275,915932.0,4.0,4.0,0.741,13.1
84,Kazakhstan,5.818999767,1.28455627,1.384369016,0.606041551,0.437454283,0.201964423,0.119282886,1.784892559,Asia,2015.0,0.0,28.0,2015,Developing,72.0,198.0,4,,0.0,98.0,526,53.1,5,98.0,,98.0,0.1,159.9817,17544126.0,2.4,2.5,0.793,15.0
85,Kenya,4.552999973,0.560479462,1.067950726,0.30998835,0.452763766,0.444860309,0.064641319,1.651902199,Africa,2015.0,0.0,25.0,2015,Developing,63.4,249.0,54,,0.0,89.0,95,22.0,75,83.0,,89.0,2.8,1349.97144,47236259.0,7.8,7.6,0.55,11.1
86,Kiribati,,,,,,,,,,,,,2015,Developing,66.3,198.0,0,,0.0,82.0,0,77.6,0,8.0,,78.0,0.1,1424.483611,11247.0,0.1,0.1,0.586,11.9
87,Kuwait,6.105000019,1.632952452,1.259698749,0.632105708,0.496337593,0.228289798,0.21515955,1.640425205,Asia,2015.0,0.0,49.0,2015,Developing,74.7,81.0,0,,0.0,99.0,18,71.4,1,99.0,,99.0,0.1,28975.418,,3.5,3.4,0.799,13.3
88,Kyrgyzstan,5.004000187,0.596220076,1.394238591,0.553457797,0.454943389,0.428580374,0.039439179,1.536723137,Asia,2015.0,0.0,28.0,2015,Developing,71.1,166.0,3,,0.0,97.0,17779,44.9,3,97.0,,97.0,0.1,,,3.3,3.4,0.662,13.0
89,Lao People's Democratic Republic,,,,,,,,,,,,,2015,Developing,65.7,194.0,8,,0.0,89.0,56,21.7,11,89.0,,89.0,0.2,,,8.8,8.9,0.582,10.8
90,Latvia,5.849999905,1.260748625,1.404714942,0.638566971,0.325707912,0.153074786,0.073842727,1.993655205,Europe,2015.0,0.0,56.0,2015,Developed,74.6,153.0,0,,0.0,94.0,0,61.2,0,95.0,,95.0,0.1,13666.58336,1977527.0,2.2,2.1,0.828,16.0
91,Lebanon,5.224999905,1.074987531,1.129624248,0.735081077,0.288515985,0.264450759,0.03751383,1.695073843,Asia,2015.0,0.0,28.0,2015,Developing,74.9,98.0,1,,0.0,81.0,39,66.1,1,75.0,,81.0,0.1,846.632851,5851479.0,4.9,4.9,0.763,13.3
92,Lesotho,,,,,,,,,,,,,2015,Developing,53.7,484.0,4,,0.0,93.0,0,32.6,6,9.0,,93.0,9.3,173.82893,2174645.0,5.5,5.3,0.495,10.7
93,Liberia,3.532999992,0.119041793,0.872117937,0.229918197,0.332881182,0.266549885,0.038948249,1.673285961,Africa,2015.0,0.0,37.0,2015,Developing,61.4,259.0,8,,0.0,52.0,1060,27.3,11,52.0,,52.0,0.9,452.38717,4499621.0,6.5,6.4,0.427,9.9
94,Libya,5.525000095,1.101803064,1.35756433,0.52016902,0.46573323,0.152073666,0.09261021,1.835011244,Africa,2015.0,0.0,16.0,2015,Developing,72.7,138.0,1,,0.0,97.0,82,64.8,2,97.0,,97.0,0.1,,,5.8,5.5,0.719,13.4
95,Lithuania,5.90199995,1.314582348,1.473516107,0.62894994,0.234231785,0.010164657,0.011865643,2.228440523,Europe,2015.0,0.0,59.0,2015,Developed,73.6,165.0,0,,0.0,94.0,50,62.4,0,93.0,,93.0,0.1,14252.42853,29491.0,2.6,2.6,0.846,16.5
96,Luxembourg,6.862999916,1.741943598,1.457583666,0.845089495,0.596627891,0.283180982,0.318834424,1.619512081,Europe,2015.0,0.0,85.0,2015,Developed,82.0,63.0,0,,0.0,94.0,0,61.3,0,99.0,,99.0,0.1,1199.8223,56964.0,1.0,0.9,0.896,13.9
97,Madagascar,3.644000053,0.305808693,0.913020372,0.375223309,0.189196765,0.20873253,0.067231975,1.584612608,Africa,2015.0,0.0,28.0,2015,Developing,65.5,22.0,28,,0.0,69.0,3,2.5,38,71.0,,69.0,0.3,41.8575951,2423488.0,7.1,7.1,0.511,10.3
98,Malawi,3.970000029,0.233442038,0.512568831,0.315089583,0.466914654,0.28717047,0.072711654,2.081786156,Africa,2015.0,0.0,31.0,2015,Developing,58.3,365.0,26,,0.0,88.0,0,19.6,38,88.0,,88.0,4.8,362.6575444,1757367.0,6.4,6.2,0.473,10.8
99,Malaysia,6.084000111,1.29121542,1.284646034,0.618784428,0.402264982,0.41660893,0.065600708,2.004448891,Asia,2015.0,0.0,50.0,2015,Developing,75.0,123.0,4,,0.0,99.0,1318,4.6,4,99.0,,99.0,0.1,9643.644683,3723155.0,7.5,7.3,0.787,13.1
100,Maldives,,,,,,,,,,,,,2015,Developing,78.5,61.0,0,,0.0,99.0,0,27.4,0,99.0,,99.0,0.1,8395.785198,49163.0,13.6,13.6,0.701,12.7
101,Mali,4.190000057,0.476180494,1.281473398,0.169365674,0.306613743,0.183354199,0.104970247,1.668190956,Africa,2015.0,0.0,35.0,2015,Developing,58.2,266.0,52,,0.0,64.0,215,23.8,84,66.0,,64.0,1.5,729.725338,1746795.0,7.7,7.5,0.438,8.4
102,Malta,6.52699995,1.343279839,1.488411665,0.821944237,0.588767052,0.574730575,0.153066069,1.556862831,Europe,2015.0,0.0,60.0,2015,Developed,81.7,54.0,0,,0.0,95.0,2,69.6,0,97.0,,97.0,0.1,23819.4636,431874.0,0.8,0.8,0.853,14.6
103,Mauritania,4.291999817,0.648457289,1.27203083,0.28534928,0.096098043,0.201870024,0.136957005,1.651637316,Africa,2015.0,0.0,31.0,2015,Developing,63.1,25.0,8,,0.0,73.0,1,3.8,12,67.0,,73.0,0.9,1158.256469,4182341.0,7.8,7.5,0.513,8.5
104,Mauritius,5.629000187,1.189395547,1.20956099,0.638007462,0.491247326,0.360933751,0.042181555,1.697583914,Africa,2015.0,0.0,53.0,2015,Developing,74.6,146.0,0,,0.0,97.0,0,33.3,0,98.0,,97.0,0.1,9252.11724,126265.0,6.9,6.8,0.779,15.2
105,Mexico,6.578000069,1.153183818,1.21086216,0.709978998,0.412730008,0.120990433,0.132774115,2.837154865,North America,2015.0,0.0,31.0,2015,Developing,76.7,122.0,30,,0.0,82.0,0,63.5,35,87.0,,87.0,0.1,9143.128494,12589949.0,1.5,1.5,0.758,13.3
106,Micronesia (Federated States of),,,,,,,,,,,,,2015,Developing,69.4,166.0,0,,0.0,78.0,0,69.4,0,71.0,,72.0,0.1,,,0.2,0.2,0.637,11.7
107,Mongolia,4.954999924,1.027235866,1.493011236,0.557783484,0.394143969,0.33846423,0.032902289,1.111292362,Asia,2015.0,0.0,39.0,2015,Developing,68.8,222.0,1,,0.0,99.0,20359,52.7,1,99.0,,99.0,0.1,3944.1839,2976877.0,2.2,2.3,0.733,14.8
108,Montenegro,5.236999989,1.121129036,1.238376498,0.667464674,0.194989055,0.197911024,0.088174194,1.729191542,Europe,2015.0,0.0,44.0,2015,Developing,76.1,16.0,0,,0.0,82.0,0,61.8,0,89.0,,89.0,0.1,6461.192554,622159.0,1.8,1.8,0.804,15.1
109,Morocco,5.235000134,0.878114581,0.774864435,0.597710669,0.408158332,0.032209955,0.087763183,2.456189394,Africa,2015.0,0.0,36.0,2015,Developing,74.3,95.0,17,,0.0,99.0,17,58.5,20,99.0,,99.0,0.1,2847.285569,3483322.0,6.4,6.2,0.645,12.1
110,Mozambique,,,,,,,,,,,,,2015,Developing,57.6,355.0,60,,0.0,8.0,79,22.6,81,8.0,,8.0,3.9,528.3125597,281691.0,3.6,3.5,0.414,9.1
111,Myanmar,4.545000076,0.36711055,1.123235941,0.397522569,0.514492035,0.838075161,0.188816205,1.115290403,Asia,2015.0,0.0,22.0,2015,Developing,66.6,199.0,39,,0.0,89.0,6,23.8,50,89.0,,89.0,0.3,1194.59137,5243669.0,12.8,13.0,0.552,9.1
112,Namibia,,,,,,,,,,,,,2015,Developing,65.8,248.0,2,,0.0,92.0,212,35.7,3,92.0,,92.0,2.1,4737.66996,2425561.0,8.2,8.1,0.637,11.7
113,Nepal,4.961999893,0.479820192,1.179283261,0.504130781,0.440305948,0.394096166,0.072975546,1.891241074,Asia,2015.0,0.0,27.0,2015,Developing,69.2,165.0,17,,0.0,91.0,1599,19.1,21,9.0,,91.0,0.1,743.7653489,28656282.0,15.7,16.1,0.555,12.2
114,Netherlands,7.376999855,1.503944635,1.428939223,0.810696125,0.585384488,0.47048983,0.282661825,2.294804096,Europe,2015.0,0.0,84.0,2015,Developed,81.9,57.0,1,,0.0,94.0,7,62.1,1,95.0,,95.0,0.1,44292.88473,16939923.0,1.0,0.9,0.923,18.1
115,New Zealand,7.31400013,1.405706048,1.548195124,0.816759706,0.61406213,0.500005126,0.382816702,2.046456337,Australia,2015.0,0.0,91.0,2015,Developed,81.6,66.0,0,8.7,0.0,92.0,10,67.5,0,92.0,,92.0,0.1,3821.8937,,0.4,0.3,0.913,19.2
116,Nicaragua,6.071000099,0.737299204,1.28721571,0.653095961,0.447551847,0.301674217,0.130687982,2.513930559,South America,2015.0,0.0,27.0,2015,Developing,74.8,145.0,2,,0.0,98.0,0,54.0,2,99.0,,98.0,0.1,295.966488,68235.0,1.8,1.7,0.642,11.7
117,Niger,4.027999878,0.161925331,0.993025005,0.268505007,0.363658696,0.228673846,0.138572946,1.873983383,Africa,2015.0,0.0,34.0,2015,Developing,61.8,22.0,49,,0.0,65.0,7693,19.3,87,65.0,,65.0,0.4,358.99731,19896965.0,9.6,9.4,0.351,5.4
118,Nigeria,5.073999882,0.783756256,1.215770483,0.05691573,0.394952565,0.230947196,0.026121566,2.365390539,Africa,2015.0,0.0,26.0,2015,Developing,54.5,344.0,483,,0.0,49.0,12423,25.4,747,49.0,,49.0,3.7,2655.157977,181181744.0,9.8,9.7,0.525,10.0
119,Norway,7.537000179,1.616463184,1.53352356,0.796666503,0.635422587,0.362012237,0.315963835,2.277026653,Europe,2015.0,0.0,88.0,2015,Developed,81.8,59.0,0,5.97,0.0,,14,61.2,0,95.0,,95.0,0.1,7455.24654,518867.0,0.8,0.7,0.948,17.7
120,Oman,,,,,,,,,,,,,2015,Developing,76.6,99.0,1,,0.0,99.0,0,54.6,1,99.0,,99.0,0.1,16627.36433,,7.1,6.9,0.795,13.7
121,Pakistan,5.269000053,0.726883531,0.67269069,0.402047783,0.235215262,0.315446019,0.124348067,2.79248929,Asia,2015.0,0.0,30.0,2015,Developing,66.4,161.0,352,,0.0,72.0,386,25.4,433,72.0,,72.0,0.1,1431.244865,18938513.0,19.2,19.6,0.548,8.1
122,Panama,6.452000141,1.233748436,1.373192549,0.706156135,0.550026834,0.210556939,0.070983924,2.307199955,South America,2015.0,0.0,39.0,2015,Developing,77.8,118.0,1,,0.0,73.0,0,57.8,1,72.0,,73.0,0.1,13134.4367,3969249.0,1.9,1.8,0.785,13.0
123,Papua New Guinea,,,,,,,,,,,,,2015,Developing,62.9,275.0,10,,0.0,67.0,38,48.6,12,74.0,,73.0,0.6,,7919825.0,1.3,1.3,0.515,10.0
124,Paraguay,5.493000031,0.932537317,1.50728488,0.579250693,0.473507792,0.224150658,0.091065913,1.68533349,South America,2015.0,0.0,27.0,2015,Developing,74.0,146.0,2,,0.0,93.0,0,5.2,3,89.0,,93.0,0.2,419.367724,6639119.0,2.0,1.9,0.692,12.3
125,Peru,5.715000153,1.035225272,1.218770385,0.630166113,0.450002879,0.126819715,0.047049087,2.20726943,South America,2015.0,0.0,36.0,2015,Developing,75.5,123.0,8,,0.0,9.0,4,55.6,10,88.0,,9.0,0.1,63.343259,31376671.0,1.1,1.1,0.737,13.4
126,Philippines,5.429999828,0.857699215,1.253917575,0.468009055,0.585214674,0.193513423,0.099331893,1.972604752,Asia,2015.0,0.0,35.0,2015,Developing,68.5,211.0,52,,0.0,6.0,619,25.4,66,79.0,,6.0,0.1,2878.33837,11716359.0,1.0,9.7,0.679,11.7
127,Poland,5.97300005,1.291787863,1.44571197,0.699475348,0.520342112,0.158465967,0.059307806,1.797722816,Europe,2015.0,0.0,63.0,2015,Developed,77.5,117.0,2,,0.0,96.0,0,61.7,2,92.0,,98.0,0.1,12565.9876,37986412.0,1.9,2.0,0.852,16.4
128,Portugal,5.195000172,1.315175295,1.367043018,0.795843542,0.4984653,0.095102713,0.015869452,1.107682705,Europe,2015.0,0.0,64.0,2015,Developed,81.1,76.0,0,,0.0,98.0,8,61.6,0,98.0,,98.0,0.1,1922.681,135876.0,0.7,0.5,0.841,16.6
129,Qatar,,,,,,,,,,,,,2015,Developing,78.2,68.0,0,,0.0,99.0,18,69.3,0,99.0,,99.0,0.1,66346.52267,,5.2,4.9,0.855,13.4
130,Republic of Korea,,,,,,,,,,,,,2015,Developing,82.3,64.0,1,,0.0,98.0,7,31.7,2,98.0,,98.0,0.1,,,1.5,1.0,,
131,Republic of Moldova,,,,,,,,,,,,,2015,Developing,72.1,157.0,1,,0.0,88.0,0,53.4,1,88.0,,87.0,0.1,,,2.7,2.8,,
132,Romania,5.824999809,1.217683911,1.15009129,0.685158312,0.457003742,0.133519918,0.004387901,2.176831484,Europe,2015.0,0.0,46.0,2015,Developed,75.0,133.0,2,,0.0,9.0,4,6.7,2,89.0,,89.0,0.1,8958.788593,19815481.0,2.5,2.7,0.798,14.7
133,Russian Federation,,,,,,,,,,,,,2015,Developing,75.0,222.0,13,,0.0,97.0,843,6.5,15,97.0,,97.0,0.1,9329.298351,1449687.0,2.3,2.3,0.805,15.0
134,Rwanda,3.470999956,0.368745893,0.945707023,0.326424807,0.581843853,0.252756029,0.455220014,0.540061235,Africa,2015.0,0.0,54.0,2015,Developing,66.1,227.0,11,,0.0,98.0,1,21.4,15,99.0,,98.0,0.4,71.348397,11629553.0,5.7,5.7,0.493,10.8
135,Saint Lucia,,,,,,,,,,,,,2015,Developing,75.2,138.0,0,,0.0,99.0,0,47.5,0,99.0,,99.0,0.1,,,4.3,4.3,0.735,13.1
136,Saint Vincent and the Grenadines,,,,,,,,,,,,,2015,Developing,73.2,156.0,0,,0.0,98.0,0,54.1,0,97.0,,98.0,0.1,,,3.5,3.4,0.72,13.3
137,Samoa,,,,,,,,,,,,,2015,Developing,74.0,125.0,0,,0.0,59.0,0,74.7,0,61.0,,66.0,0.1,4149.363444,193759.0,0.2,0.1,0.702,12.9
138,Sao Tome and Principe,,,,,,,,,,,,,2015,Developing,67.5,19.0,0,,0.0,96.0,0,3.9,0,96.0,,96.0,0.2,1624.63963,195553.0,5.5,5.3,0.565,11.2
139,Saudi Arabia,6.343999863,1.530623555,1.286677599,0.59014833,0.449750572,0.147616014,0.273432255,2.065429688,Asia,2015.0,0.0,52.0,2015,Developing,74.5,88.0,7,,0.0,98.0,219,68.2,8,97.0,,98.0,0.1,2732.86172,,7.8,7.6,0.845,16.1
140,Senegal,4.534999847,0.479309022,1.179691911,0.409362853,0.377922267,0.183468893,0.115460448,1.789646149,Africa,2015.0,0.0,44.0,2015,Developing,66.7,188.0,19,,0.0,89.0,58,24.3,26,85.0,,89.0,0.3,98.7256145,14976994.0,9.5,9.3,0.491,9.5
141,Serbia,5.394999981,1.069317579,1.258189797,0.650784671,0.208715528,0.220125884,0.040903781,1.947084427,Europe,2015.0,0.0,40.0,2015,Developing,75.6,121.0,1,,0.0,94.0,383,6.0,1,95.0,,95.0,0.1,5237.255334,795383.0,2.0,2.0,0.775,14.4
142,Seychelles,,,,,,,,,,,,,2015,Developing,73.2,168.0,0,,0.0,98.0,0,37.4,0,97.0,,97.0,0.1,1539.464,93419.0,5.7,6.0,0.781,14.1
143,Sierra Leone,4.709000111,0.368420929,0.984136045,0.005564754,0.318697691,0.293040901,0.071095176,2.668459892,Africa,2015.0,0.0,29.0,2015,Developing,51.0,413.0,22,,0.0,86.0,607,24.4,30,86.0,,86.0,0.5,587.538233,723725.0,7.4,7.3,0.431,9.5
144,Singapore,6.572000027,1.69227767,1.353814363,0.949492395,0.549840569,0.345965981,0.464307785,1.216362,Asia,2015.0,0.0,85.0,2015,Developed,83.1,55.0,0,1.79,0.0,96.0,0,33.2,0,96.0,,96.0,0.1,53629.73746,,2.2,2.2,0.924,15.4
145,Slovakia,6.09800005,1.325393558,1.505059242,0.712732911,0.295817465,0.136544481,0.024210852,2.097776651,Europe,2015.0,0.0,51.0,2015,Developed,76.7,19.0,0,,0.0,96.0,1,59.1,0,96.0,,96.0,0.1,,,1.2,1.2,0.842,15.0
146,Slovenia,5.757999897,1.341205955,1.452518821,0.790828228,0.572575808,0.242649093,0.045128979,1.313317299,Europe,2015.0,0.0,60.0,2015,Developed,88.0,74.0,0,,0.0,,18,6.1,0,95.0,,95.0,0.1,2729.86383,263531.0,1.4,1.3,0.888,17.3
147,Solomon Islands,,,,,,,,,,,,,2015,Developing,69.2,177.0,0,,0.0,98.0,0,5.5,0,99.0,,98.0,0.1,1922.41388,587482.0,1.1,1.2,0.514,9.6
148,Somalia,,,,,,,,,,,,,2015,Developing,55.0,312.0,50,,0.0,42.0,7497,24.3,80,47.0,,42.0,0.7,426.98537,,6.6,6.4,,
149,South Africa,4.828999996,1.054698706,1.384788632,0.18708007,0.479246736,0.13936238,0.072509497,1.510908604,Africa,2015.0,0.0,44.0,2015,Developing,62.9,328.0,42,,0.0,75.0,17,51.1,52,75.0,,75.0,3.6,5769.77258,5511976.68,4.4,5.3,0.665,13.0
150,South Sudan,,,,,,,,,,,,,2015,Developing,57.3,332.0,26,,0.0,31.0,878,,39,41.0,,31.0,3.4,758.725782,11882136.0,,,0.421,4.9
151,Spain,6.402999878,1.384397864,1.532090902,0.8889606,0.40878123,0.190133572,0.070914097,1.92775774,Europe,2015.0,0.0,58.0,2015,Developed,82.8,56.0,1,,0.0,97.0,115,66.6,1,97.0,,97.0,0.1,25683.84565,46447697.0,0.6,0.5,0.882,17.7
152,Sri Lanka,4.440000057,1.009850144,1.259976387,0.625130832,0.561213255,0.490863562,0.073653966,0.419389248,Asia,2015.0,0.0,37.0,2015,Developing,74.9,138.0,3,,0.0,99.0,1568,23.4,3,99.0,,99.0,0.1,3844.89123,2966.0,15.1,15.0,0.764,14.0
153,Sudan,,,,,,,,,,,,,2015,Developing,64.1,225.0,58,,0.0,93.0,3585,,85,93.0,,93.0,0.3,2513.884661,3864783.0,,,0.488,7.2
154,Suriname,,,,,,,,,,,,,2015,Developing,71.6,176.0,0,,0.0,89.0,0,58.3,0,89.0,,89.0,0.4,8818.982566,55328.0,3.5,3.5,0.723,12.7
155,Swaziland,,,,,,,,,,,,,2015,Developing,58.9,373.0,2,,0.0,9.0,0,32.3,3,84.0,,9.0,7.1,3136.92511,131911.0,4.0,4.1,0.541,11.4
156,Sweden,7.28399992,1.494387269,1.478162169,0.830875158,0.612924099,0.385399252,0.384398729,2.097537994,Europe,2015.0,0.0,89.0,2015,Developed,82.4,53.0,0,,0.0,67.0,22,59.5,0,98.0,,98.0,0.1,5585.25847,9799186.0,1.5,1.4,0.909,15.9
157,Switzerland,7.493999958,1.564979553,1.516911745,0.858131289,0.620070577,0.290549278,0.367007285,2.276716232,Europe,2015.0,0.0,86.0,2015,Developed,83.4,49.0,0,,0.0,,35,57.4,0,97.0,,97.0,0.1,8989.8424,8282396.0,0.4,0.3,0.938,16.0
158,Syrian Arab Republic,,,,,,,,,,,,,2015,Developing,64.5,293.0,6,,0.0,41.0,45,57.1,8,5.0,,41.0,0.1,,18734987.0,6.3,6.1,0.553,9.0
159,Tajikistan,5.040999889,0.524713635,1.271463275,0.529235125,0.471566707,0.248997644,0.146377146,1.84904933,Asia,2015.0,0.0,26.0,2015,Developing,69.7,161.0,10,,0.0,96.0,3,4.7,11,96.0,,96.0,0.2,918.6771543,8548651.0,3.6,3.7,0.625,11.3
160,Thailand,6.423999786,1.127868772,1.425792456,0.647239029,0.580200732,0.57212311,0.031612735,2.039508343,Asia,2015.0,0.0,38.0,2015,Developing,74.9,148.0,8,,0.0,99.0,154,33.6,9,99.0,,99.0,0.1,5814.863134,686576.0,7.7,7.7,0.738,13.6
161,The former Yugoslav republic of Macedonia,,,,,,,,,,,,,2015,Developing,75.7,12.0,0,,0.0,92.0,1,6.3,0,92.0,,91.0,0.1,,,2.1,2.1,0.746,12.9
162,Timor-Leste,,,,,,,,,,,,,2015,Developing,68.3,152.0,2,,0.0,76.0,43,17.4,2,75.0,,76.0,0.1,1161.76935,124977.0,1.9,11.1,0.603,12.5
163,Togo,3.494999886,0.305444717,0.43188253,0.247105569,0.380426139,0.196896151,0.095665015,1.837229252,Africa,2015.0,0.0,32.0,2015,Developing,59.9,287.0,13,,0.0,88.0,20,24.3,20,88.0,,88.0,1.0,551.138346,741682.0,6.5,6.2,0.484,12.0
164,Tonga,,,,,,,,,,,,,2015,Developing,73.5,133.0,0,,0.0,78.0,0,75.2,0,8.0,,78.0,0.1,493.775387,16364.0,0.1,0.1,0.718,14.3
165,Trinidad and Tobago,,,,,,,,,,,,,2015,Developing,71.2,17.0,0,,0.0,9.0,0,47.1,0,88.0,,96.0,0.3,17321.83373,13692.0,5.7,5.9,0.779,12.7
166,Tunisia,4.804999828,1.007265806,0.86835146,0.613212049,0.28968069,0.049693357,0.086723149,1.89025116,Africa,2015.0,0.0,38.0,2015,Developing,75.3,1.0,3,,0.0,98.0,16,61.2,3,98.0,,98.0,0.1,3828.91589,11273661.0,6.5,6.4,0.723,14.6
167,Turkey,5.5,1.198274374,1.337753177,0.637605608,0.3007406,0.046693042,0.09967158,1.879277945,Asia,2015.0,0.0,42.0,2015,Developing,75.8,16.0,15,,0.0,97.0,342,66.1,18,97.0,,97.0,0.1,1979.52569,78271472.0,4.9,4.8,0.764,14.5
168,Turkmenistan,5.822000027,1.130776763,1.493149161,0.43772608,0.418271929,0.249924988,0.25927034,1.832909822,Asia,2015.0,0.0,18.0,2015,Developing,66.3,215.0,6,,0.0,99.0,0,48.6,7,99.0,,99.0,0.1,6432.668768,5565284.0,3.3,3.3,0.688,10.8
169,Uganda,4.080999851,0.381430715,1.129827738,0.217632607,0.443185955,0.325766057,0.057069719,1.526362658,Africa,2015.0,0.0,25.0,2015,Developing,62.3,291.0,66,,0.0,78.0,478,18.5,93,82.0,,78.0,3.1,693.8963829,414487.0,5.6,5.6,0.488,10.0
170,Ukraine,4.096000195,0.894651949,1.394537568,0.575903952,0.122974776,0.270061463,0.023029471,0.814382315,Europe,2015.0,0.0,27.0,2015,Developing,71.3,195.0,4,,0.0,22.0,105,61.3,5,51.0,,23.0,0.2,2124.662666,4515429.0,2.3,2.4,0.748,15.3
171,United Arab Emirates,6.647999763,1.626343369,1.266410232,0.726798236,0.60834527,0.360941947,0.324489564,1.734703541,Asia,2015.0,0.0,70.0,2015,Developing,77.1,75.0,1,,0.0,99.0,347,64.2,1,99.0,,99.0,0.1,3911.74689,,5.3,5.1,0.836,13.3
172,United Kingdom of Great Britain and Northern Ireland,,,,,,,,,,,,,2015,Developed,81.2,69.0,3,10.66,0.0,,91,66.6,4,96.0,,96.0,0.1,,,0.8,0.6,,
173,United Republic of Tanzania,,,,,,,,,,,,,2015,Developing,61.8,279.0,85,,0.0,98.0,30,23.8,119,96.0,,98.0,1.4,,,6.7,6.5,,
174,United States of America,,,,,,,,,,,,,2015,Developed,79.3,13.0,23,,0.0,92.0,188,69.6,26,93.0,,95.0,0.1,,,0.8,0.6,,
175,Uruguay,6.453999996,1.217559695,1.412227869,0.719216824,0.579392254,0.175096929,0.178061873,2.172409534,South America,2015.0,0.0,74.0,2015,Developing,77.0,116.0,0,,0.0,95.0,0,64.0,0,95.0,,95.0,0.1,15524.84247,3431552.0,1.5,1.4,0.794,15.5
176,Uzbekistan,5.971000195,0.786441088,1.54896915,0.498272628,0.658248663,0.415983647,0.246528223,1.816913605,Asia,2015.0,0.0,19.0,2015,Developing,69.4,184.0,15,,0.0,99.0,22,44.7,17,99.0,,99.0,0.1,2137.576852,312989.0,3.0,3.1,0.697,12.1
177,Vanuatu,,,,,,,,,,,,,2015,Developing,72.0,13.0,0,,0.0,64.0,39,53.3,0,65.0,,64.0,0.1,285.83414,26463.0,1.5,1.4,0.598,10.8
178,Venezuela (Bolivarian Republic of),,,,,,,,,,,,,2015,Developing,74.1,157.0,9,,0.0,87.0,0,62.1,10,87.0,,87.0,0.1,,,1.6,1.5,0.769,14.3
179,Viet Nam,,,,,,,,,,,,,2015,Developing,76.0,127.0,28,,0.0,97.0,256,17.5,35,97.0,,97.0,0.1,,,14.2,14.5,0.678,12.6
180,Yemen,3.592999935,0.591683447,0.935382247,0.310080916,0.249463722,0.104125209,0.056767423,1.345600605,Asia,2015.0,0.0,18.0,2015,Developing,65.7,224.0,37,,0.0,69.0,468,41.3,47,63.0,,69.0,0.1,,,13.6,13.4,0.499,9.0
181,Zambia,4.513999939,0.636406779,1.003187299,0.257835895,0.461603492,0.249580145,0.07821355,1.826705456,Africa,2015.0,0.0,38.0,2015,Developing,61.8,33.0,27,,0.0,9.0,9,23.4,40,9.0,,9.0,4.1,1313.889646,161587.0,6.3,6.1,0.576,12.5
182,Zimbabwe,3.875,0.375846535,1.083095908,0.196763754,0.336384207,0.189143494,0.095375381,1.597970247,Africa,2015.0,0.0,21.0,2015,Developing,67.0,336.0,22,,0.0,87.0,0,31.8,32,88.0,,87.0,6.2,118.69383,15777451.0,5.6,5.5,0.507,10.3
